approach,subject,bug_id,iterations,engine,variant,additional_failing,additional_passing,baseline_failing,baseline_passing,fault_localization_tests,validation_tests,test_collection_duration,repair_duration,evaluation_duration,best_fitness,precision,recall,f1_score,accuracy,patches,generations
PyGenProg,middle,1,10,sequential,B,0,0,1,1,2,2,0.5684947967529297,177.49299478530884,17.999168872833252,0.9581818181818181,0.684931506849315,1.0,0.8130081300813007,0.77,12,10
PyGenProg,middle,1,10,sequential,B,0,0,1,10,11,11,0.6841742992401123,118.61193561553955,19.663844347000122,0.9818181818181818,0.8333333333333334,1.0,0.9090909090909091,0.9,1,3
PyGenProg,middle,1,10,sequential,V,3,30,1,10,11,33,0.680809497833252,254.09396123886108,28.793132543563843,0.9818181818181818,0.8333333333333334,1.0,0.9090909090909091,0.9,14,10
PyGenProg,middle,1,10,sequential,V,5,50,1,10,11,55,1.6034386157989502,400.16238713264465,19.790053129196167,0.9818181818181818,0.8333333333333334,1.0,0.9090909090909091,0.9,16,10
PyGenProg,middle,1,10,sequential,V,10,10,1,10,11,20,1.0017108917236328,224.21984362602234,19.24850869178772,0.9818181818181818,0.8333333333333334,1.0,0.9090909090909091,0.9,16,10
PyGenProg,middle,1,10,sequential,V,30,30,1,10,11,60,0.7832677364349365,395.5799825191498,20.55737543106079,0.9818181818181818,0.8333333333333334,1.0,0.9090909090909091,0.9,24,10
