approach,subject,bug_id,iterations,engine,variant,additional_failing,additional_passing,baseline_failing,baseline_passing,fault_localization_tests,validation_tests,test_collection_duration,repair_duration,evaluation_duration,best_fitness,precision,recall,f1_score,accuracy,patches
PyGenProg,middle,1,1,sequential,B,0,0,1,10,11,11,0.5832827091217041,57.739479303359985,17.85271453857422,0.09090909090909091,0.0,0.0,0.0,0.5,8
PyGenProg,middle,1,1,sequential,B,0,0,1,10,11,11,0.6519579887390137,59.29875922203064,18.55423927307129,0.09090909090909091,0.0,0.0,0.0,0.5,7
PyGenProg,middle,1,1,sequential,B,0,0,1,10,11,11,0.6431655883789062,59.60174918174744,17.115809440612793,0.09090909090909091,0.0,0.0,0.0,0.5,8
PyGenProg,middle,1,1,sequential,B,0,0,1,10,11,11,0.6571595668792725,60.266379594802856,18.087085485458374,0.09090909090909091,0.0,0.0,0.0,0.5,8
PyGenProg,middle,1,1,sequential,B,0,0,1,10,11,11,0.6564195156097412,67.91944599151611,18.137959718704224,0.09090909090909091,0.0,0.0,0.0,0.5,8
PyGenProg,middle,1,1,sequential,B,0,0,1,10,11,11,0.6309118270874023,58.16835284233093,16.95935821533203,0.09090909090909091,0.0,0.0,0.0,0.5,7
PyGenProg,middle,1,1,sequential,B,0,0,1,10,11,11,0.650418758392334,66.5097918510437,19.07875657081604,0.09090909090909091,0.0,0.0,0.0,0.5,7
