approach,subject,bug_id,iterations,engine,variant,additional_failing,additional_passing,baseline_failing,baseline_passing,fault_localization_tests,validation_tests,test_collection_duration,repair_duration,evaluation_duration,best_fitness,precision,recall,f1_score,accuracy,patches
PyGenProg,middle,1,10,sequential,B,0,0,1,1,2,2,0.8642642498016357,102.53814363479614,20.837328910827637,0.9818181818181818,0.8333333333333334,1.0,0.9090909090909091,0.9,1
PyGenProg,middle,1,10,sequential,B,0,0,1,10,11,11,0.947091817855835,114.06568384170532,19.031044721603394,1.0,1.0,1.0,1.0,1.0,1
PyGenProg,middle,1,10,sequential,C,5,5,0,0,10,10,0.8181283473968506,210.9951138496399,27.190935611724854,0.9272727272727272,0.5555555555555556,1.0,0.7142857142857143,0.6,8
PyGenProg,middle,1,10,sequential,C,10,10,0,0,20,20,0.6732022762298584,261.3459496498108,27.106088399887085,0.9272727272727272,0.5555555555555556,1.0,0.7142857142857143,0.6,6
